{"cameraMode":{"drawMode":0,"name":"Shaded","section":"Shading Mode"},"sceneLighting":true,"audioPlay":false,"sceneViewState":{"m_AlwaysRefresh":false,"showFog":true,"showSkybox":true,"showFlares":true,"showImageEffects":true,"showParticleSystems":true,"showVisualEffectGraphs":true,"m_FxEnabled":true},"in2DMode":false,"pivot":{"x":-0.9426292181015015,"y":1.1246033906936646,"z":9.048514366149903},"rotation":{"x":0.027234503999352456,"y":0.969633936882019,"z":-0.20698276162147523,"w":0.12755490839481355},"size":3.3644511699676515,"orthographic":false}