{"cameraMode":{"drawMode":0,"name":"Shaded","section":"Shading Mode"},"sceneLighting":true,"audioPlay":false,"sceneViewState":{"m_AlwaysRefresh":false,"showFog":true,"showSkybox":true,"showFlares":true,"showImageEffects":true,"showParticleSystems":true,"showVisualEffectGraphs":true,"m_FxEnabled":true},"in2DMode":false,"pivot":{"x":-0.7338771820068359,"y":1.9104702472686768,"z":7.43623161315918},"rotation":{"x":0.004703729413449764,"y":0.9847652912139893,"z":-0.026898371055722238,"w":0.17188048362731934},"size":4.5405049324035648,"orthographic":false}